date,mktrf,smb,hml,rmw,cma,rf,umd,liq_factor,bab,ni,resvar
196307,-0.39,-0.44,-0.89,0.68,-1.23,0.27,0.01,,0.81,2.1399999999999997,1.82
196308,5.07,-0.75,1.68,0.36,-0.34,0.25,0.0103,,-1.22,1.5099999999999998,-1.0
196309,-1.57,-0.55,0.08,-0.71,0.29,0.27,0.0016,,1.07,-1.95,1.86
196310,2.53,-1.37,-0.14,2.8,-2.02,0.29,0.0314,,-1.88,-0.09000000000000008,2.75
196311,-0.85,-0.89,1.81,-0.51,2.31,0.27,-0.0075,,-0.52,-1.26,2.28
196312,1.83,-2.07,-0.08,0.03,-0.04,0.29,0.017,,0.01,-0.9100000000000001,1.68
196401,2.24,0.11,1.47,0.17,1.51,0.3,0.0106,,0.61,-2.4899999999999998,5.1
196402,1.54,0.3,2.74,-0.05,0.9,0.26,0.0024,,-0.5,-1.3199999999999998,-0.2899999999999998
196403,1.41,1.36,3.36,-2.21,3.19,0.31,0.0071,,-0.19,1.12,-1.1099999999999999
196404,0.1,-1.59,-0.58,-1.27,-1.04,0.29,-0.006,,2.53,0.38,1.2799999999999998
196405,1.42,-0.64,1.82,-0.16,0.14,0.26,0.0254,,0.52,0.29000000000000004,0.10999999999999988
196406,1.27,0.31,0.63,-0.28,-0.15,0.3,0.0045,,0.79,-0.59,3.46
196407,1.74,0.47,0.75,0.04,1.94,0.3,-0.0038,,2.16,-0.48999999999999977,0.20000000000000018
196408,-1.44,0.42,0.08,0.15,0.33,0.28,-0.0019,,0.94,-0.3999999999999999,-0.1100000000000001
196409,2.69,-0.33,1.7,-0.54,0.61,0.28,-0.0039,,-1.84,-0.48,-2.5
196410,0.59,0.91,1.17,-0.38,0.43,0.29,0.0008,,0.62,0.73,1.53
196411,0.0,-0.15,-1.96,0.62,-0.26,0.29,0.0108,,1.99,-1.1800000000000002,3.18
196412,0.03,-0.7,-2.48,1.04,-1.48,0.31,-0.0069,,-0.03,0.1499999999999999,2.9000000000000004
196501,3.54,2.44,0.12,0.89,0.1,0.28,-0.0128,,0.06,0.8200000000000003,-7.890000000000001
196502,0.44,3.29,0.11,0.2,-0.65,0.3,0.003,,-0.09,2.02,-5.2
196503,-1.34,2.11,1.03,-0.36,0.72,0.36,0.001,,-0.47,2.0100000000000002,-1.7200000000000002
196504,3.11,1.11,0.66,0.41,-2.27,0.31,0.0254,,-0.44,1.5999999999999999,0.3299999999999996
196505,-0.77,0.13,-1.61,-0.4,0.5,0.31,0.0054,,-0.01,-0.51,2.01
196506,-5.51,-4.28,0.59,0.21,0.37,0.35,-0.0312,,0.08,-2.37,8.86
196507,1.43,1.07,2.14,-1.37,0.03,0.31,0.041,,-0.96,0.8499999999999999,-1.81
196508,2.73,2.71,-1.02,1.9,-0.74,0.33,0.0258,,-1.94,2.1500000000000004,-5.19
196509,2.86,0.62,-0.12,-0.89,0.8,0.31,0.0337,,-1.26,0.5900000000000003,-0.22999999999999998
196510,2.6,3.47,1.57,1.17,-0.65,0.31,0.0345,,-1.74,0.56,-6.819999999999999
196511,-0.03,5.18,0.1,-1.01,-0.94,0.35,0.0442,,-2.06,2.73,-12.649999999999999
196512,1.01,2.66,2.02,-1.14,-0.53,0.33,0.0009,,-0.11,0.10999999999999988,-4.57
196601,0.72,4.67,3.53,-2.82,-0.11,0.38,0.0541,,1.35,0.6499999999999999,-8.19
196602,-1.21,4.71,0.29,-0.17,-1.49,0.35,0.0458,,-1.7,3.12,-9.14
196603,-2.51,0.32,-2.0,1.3,0.06,0.38,0.0134,,0.37,-0.6799999999999997,-1.5
196604,2.14,3.34,-0.47,0.39,-0.95,0.34,0.0618,,-1.1,2.9000000000000004,-4.85
196605,-5.66,-5.1,-1.61,1.64,-1.52,0.41,-0.0469,,0.01,-1.73,8.780000000000001
196606,-1.44,1.37,0.49,0.15,0.78,0.38,0.0328,,-1.37,1.4500000000000002,-4.6
196607,-1.63,-0.48,0.99,-0.4,1.82,0.35,-0.0139,,-0.02,-0.010000000000000009,3.58
196608,-7.91,-3.14,0.44,-0.12,0.79,0.41,-0.0211,,-3.0,-1.6399999999999988,5.66
196609,-1.06,-1.14,0.51,-1.79,2.33,0.4,-0.0173,,1.26,1.4100000000000001,4.569999999999999
196610,3.86,-6.45,2.68,-3.48,4.24,0.45,-0.0513,,2.14,-3.91,15.349999999999998
196611,1.4,3.47,-4.77,4.15,-6.69,0.4,0.0573,,-5.29,5.67,-14.34
196612,0.13,2.16,-1.32,0.64,-0.45,0.4,0.0107,,-0.74,0.8200000000000001,-0.33
196701,8.15,9.07,2.25,0.93,-3.13,0.43,-0.0675,,1.4,2.91,-15.46
196702,0.78,3.05,-2.18,2.05,-0.96,0.36,0.0356,,2.62,1.76,-4.58
196703,3.99,1.73,0.54,0.98,-1.45,0.39,0.0142,,0.81,2.11,-2.95
196704,3.89,0.42,-2.45,2.38,-3.64,0.32,0.0064,,1.71,0.9500000000000002,-0.3700000000000001
196705,-4.33,2.19,1.18,-1.7,1.81,0.33,0.0067,,2.01,2.7199999999999998,-1.1100000000000003
196706,2.41,6.41,0.85,-0.64,-2.41,0.27,0.0603,,-1.63,5.54,-10.7
196707,4.58,3.52,2.72,0.52,2.7,0.31,-0.0107,,4.56,-1.0600000000000005,-6.880000000000001
196708,-0.89,0.67,1.52,0.36,1.45,0.31,-0.0141,,2.27,-1.6300000000000001,0.8999999999999999
196709,3.11,2.42,-2.42,0.23,-0.95,0.32,0.0255,,2.13,0.010000000000000231,-1.79
196710,-3.09,0.47,-3.22,1.07,-2.62,0.39,0.0367,,-0.04,-0.20999999999999996,3.16
196711,0.37,-0.06,-1.69,1.35,-2.34,0.36,0.0129,,-0.75,2.43,0.32999999999999996
196712,3.05,5.78,-0.63,-0.82,0.13,0.33,0.0323,,0.2,1.6,-10.350000000000001
196801,-4.06,4.48,4.84,-4.59,6.46,0.4,-0.0464,-0.02086175,6.29,-3.3900000000000006,0.5199999999999998
196802,-3.75,-2.92,1.33,-0.14,2.45,0.39,-0.0341,0.02197712,2.13,-3.0100000000000002,8.36
196803,0.2,-1.6,-0.59,1.06,-1.1,0.38,0.0318,0.01057792,-1.58,0.35000000000000003,3.38
196804,9.05,6.18,-1.17,2.7,-3.65,0.43,0.0515,0.00915347,0.17,5.3,-10.18
196805,2.28,7.1,0.66,0.31,-1.92,0.45,0.0373,-0.01774824,1.81,3.27,-8.57
196806,0.69,-0.36,0.83,-1.31,2.76,0.43,-0.0192,0.00042735,6.89,-2.85,3.7800000000000002
196807,-2.72,-1.42,5.39,-3.14,3.64,0.48,-0.0084,-0.03620883,2.47,-5.95,3.2399999999999998
196808,1.34,2.26,1.0,-0.7,0.45,0.42,0.0188,0.00601579,0.15,0.6399999999999999,-2.25
196809,4.03,2.84,0.3,-1.99,0.88,0.43,-0.0067,0.00953921,0.71,-0.3700000000000001,-7.51
196810,0.42,-0.38,2.86,-1.32,2.53,0.44,-0.0152,-0.00088817,3.22,-3.0300000000000002,3.8499999999999996
196811,5.43,2.41,-0.93,0.43,-2.26,0.42,0.0173,-0.00881651,2.57,5.36,-3.88
196812,-3.94,3.56,-0.01,-1.86,1.7,0.43,0.0011,0.01184482,1.05,0.3799999999999999,-5.130000000000001
196901,-1.25,-0.45,1.68,-1.55,1.37,0.53,-0.0015,0.0244478,0.69,-3.1,0.5800000000000001
196902,-5.84,-4.17,0.9,2.07,0.78,0.46,-0.0246,0.05900419,-0.31,-6.24,8.59
196903,2.64,-0.42,-0.52,-1.42,-0.46,0.46,0.0395,-0.01704519,-1.76,-1.2199999999999998,2.0199999999999996
196904,1.46,-0.83,-0.03,0.41,0.23,0.53,0.0117,0.01892827,-0.48,-0.42000000000000004,1.5399999999999998
196905,-0.1,-0.11,0.72,-0.95,1.25,0.48,0.0168,0.01366945,1.76,-2.66,1.05
196906,-7.18,-5.5,-1.09,4.32,-1.53,0.51,-0.0223,0.059309,-1.31,-3.490000000000001,12.7
196907,-7.0,-3.39,1.18,1.45,1.93,0.53,0.0164,0.03570685,-1.04,-4.0200000000000005,6.3500000000000005
196908,4.68,0.66,-3.77,1.17,-4.04,0.5,0.0214,-0.00522826,-1.31,6.610000000000001,-4.83
196909,-2.98,1.24,-3.19,3.45,-0.77,0.62,0.0253,0.0187526,0.12,-3.2300000000000004,0.22999999999999998
196910,5.06,3.91,-3.1,0.12,-2.14,0.6,-0.0432,-0.05876586,1.2,6.080000000000001,-4.13
196911,-3.79,-2.45,-1.21,1.45,0.28,0.52,0.036,0.03169131,-0.38,-0.09999999999999964,4.74
196912,-2.63,-3.77,-2.84,2.54,-1.78,0.64,0.0505,0.03674571,0.57,-4.79,7.29
197001,-8.1,3.13,3.12,-1.71,3.85,0.6,0.0063,0.0235681,0.98,-4.74,3.0699999999999994
197002,5.13,-2.74,3.93,-2.32,2.74,0.62,0.0012,-0.05868693,2.61,-3.51,4.07
197003,-1.06,-2.4,3.99,-1.01,4.32,0.57,-0.0029,0.0023728,4.18,-6.7299999999999995,7.050000000000001
197004,-11.0,-6.37,6.17,-0.69,6.26,0.5,-0.0073,0.04070456,1.39,-12.379999999999999,13.749999999999998
197005,-6.92,-4.45,3.32,-1.25,3.92,0.53,-0.0273,-0.07564881,-4.99,-6.160000000000001,7.4399999999999995
197006,-5.79,-2.21,0.6,0.13,2.97,0.58,0.0578,-0.03427691,4.39,-8.3,7.390000000000001
197007,6.93,-0.62,0.91,-0.25,1.81,0.52,-0.0294,-0.00023298,3.4,-0.8500000000000005,3.7699999999999996
197008,4.49,1.53,1.27,0.56,-0.19,0.53,-0.065,2.363e-05,-1.09,2.1199999999999997,-3.749999999999999
197009,4.18,8.5,-5.52,0.3,-5.84,0.54,-0.0892,-0.01722116,-5.48,10.16,-18.61
197010,-2.28,-4.43,0.21,1.71,2.32,0.46,0.0961,-0.01507792,4.33,-2.26,11.12
197011,4.6,-3.86,1.7,1.56,1.48,0.46,0.0289,-0.00518356,4.37,-2.4400000000000004,8.86
197012,5.72,2.93,0.99,0.24,0.29,0.42,-0.0219,0.05062283,6.05,-3.7,1.5500000000000003
197101,4.84,7.54,1.48,-1.99,0.06,0.38,-0.0671,-0.05148672,-1.54,5.56,-11.92
197102,1.41,2.04,-1.27,0.58,-0.69,0.33,0.0081,-0.0210008,-0.28,1.77,-3.8600000000000003
197103,4.13,2.26,-4.03,1.83,-2.7,0.3,-0.0121,0.01722159,0.06,4.1,-1.6499999999999995
197104,3.15,-0.35,0.81,-1.46,0.89,0.28,0.0132,0.02730959,-0.27,0.1200000000000001,-0.6000000000000001
197105,-3.98,-1.11,-1.41,1.39,0.24,0.29,0.0089,0.00571536,-0.42,-0.1299999999999999,1.9799999999999995
197106,-0.1,-1.49,-1.94,1.55,-1.65,0.37,0.0272,-0.03743005,1.55,2.3,4.36
197107,-4.5,-1.42,-0.01,0.57,1.49,0.4,-0.0237,-0.00041068,1.52,-1.7200000000000006,6.590000000000001
197108,3.79,-0.15,2.64,-0.45,2.63,0.47,0.0351,0.02398105,-0.04,1.42,-0.2599999999999998
197109,-0.85,0.28,-2.91,2.55,-1.59,0.37,0.0209,0.00553154,0.08,-0.5,3.26
197110,-4.42,-1.59,-0.48,1.58,-1.38,0.37,0.0046,0.03750459,0.84,-0.6100000000000003,7.9
197111,-0.46,-2.87,-1.7,2.41,-0.33,0.37,0.0148,0.00751077,-0.06,-1.53,5.1
197112,8.71,3.25,-0.41,-0.39,-1.73,0.37,-0.0068,0.00199699,2.98,2.380000000000001,-5.71
197201,2.49,6.12,2.27,-1.68,0.52,0.29,0.0024,-0.03374327,-4.23,3.74,-9.92
197202,2.87,0.89,-2.77,1.63,-0.53,0.25,0.027,0.00993984,-0.34,-0.16000000000000014,-2.34
197203,0.63,-0.47,-1.63,1.61,-0.15,0.27,0.0291,0.03309115,1.3,-3.05,2.6
197204,0.29,0.2,0.1,-0.45,-1.0,0.29,0.029,0.01508518,-0.3,0.82,1.79
197205,1.25,-3.12,-2.72,2.38,-1.92,0.3,0.0318,-0.00148126,1.02,-0.2200000000000002,5.140000000000001
197206,-2.43,-0.47,-2.49,1.81,-0.34,0.29,0.0191,0.01372639,0.06,-1.9499999999999997,1.86
197207,-0.8,-2.77,0.66,1.14,-0.65,0.31,0.0274,0.01622972,1.45,-4.19,9.18
197208,3.26,-3.48,4.53,-1.95,2.88,0.29,-0.0535,-0.03104982,2.28,-2.05,4.7
197209,-1.14,-2.22,0.47,1.72,-1.97,0.34,0.0176,-0.01488973,0.3,-4.38,6.3999999999999995
197210,0.52,-2.54,1.35,-0.15,-0.02,0.4,0.0076,-0.01545361,2.45,-1.2200000000000002,4.6499999999999995
197211,4.6,-0.63,4.83,-1.98,3.34,0.37,-0.0514,-0.00776205,3.04,-0.8400000000000007,-0.13999999999999968
197212,0.62,-1.9,-2.19,2.58,-2.15,0.37,0.0498,0.00882111,1.54,-2.4299999999999997,6.050000000000001
197301,-3.29,-2.82,2.68,0.38,0.9,0.44,0.0371,-0.01481098,-0.85,-2.6499999999999995,11.620000000000001
197302,-4.85,-3.9,1.6,-0.25,0.02,0.41,0.0212,-0.01086541,-0.02,-3.84,7.790000000000001
197303,-1.3,-2.33,2.62,-1.04,0.64,0.46,0.0362,-0.01271889,-0.61,-2.47,3.67
197304,-5.68,-2.95,5.42,-1.65,2.73,0.52,0.0641,0.02308621,1.29,-5.99,8.77
197305,-2.94,-6.18,0.41,1.94,-1.51,0.51,0.0709,-0.00263267,0.71,-4.51,9.889999999999999
197306,-1.57,-2.51,1.19,-0.27,0.21,0.51,0.0432,-0.03231649,-0.79,-3.5599999999999996,3.54
197307,5.05,7.26,-5.26,-0.05,-3.27,0.64,-0.1169,0.0024503,-3.94,7.5600000000000005,-17.49
197308,-3.82,-1.79,1.06,-1.28,1.29,0.7,0.0342,0.01594605,-0.27,0.010000000000000231,4.950000000000001
197309,4.75,3.57,2.24,-2.3,1.75,0.68,-0.0703,0.01702629,2.24,5.97,-8.71
197310,-0.83,-0.3,1.6,-1.83,2.68,0.65,0.0674,-0.04308556,1.35,-4.75,2.42
197311,-12.75,-7.27,3.99,-2.58,1.69,0.56,0.0863,-0.0265017,-4.12,-6.580000000000002,11.06
197312,0.61,-4.66,3.94,-2.69,2.41,0.64,0.1039,-0.01684214,1.6,-3.5300000000000002,3.75
197401,-0.17,10.39,6.0,-3.18,4.48,0.63,-0.0882,0.10501732,-2.05,6.88,-12.78
197402,-0.47,0.12,2.5,-1.87,2.62,0.58,0.0014,0.03898203,2.37,1.58,0.25999999999999995
197403,-2.81,2.61,-0.12,2.79,0.45,0.56,-0.0099,0.04593273,0.63,-2.7199999999999998,-1.12
197404,-5.29,-0.69,0.87,2.88,2.08,0.75,0.02,0.02365498,-3.48,-2.3099999999999996,4.28
197405,-4.68,-3.08,-2.07,4.93,-0.4,0.75,-0.0026,0.06008724,-1.6,-3.6799999999999997,7.69
197406,-2.83,0.02,0.79,0.62,2.9,0.6,0.0237,-0.01077655,-0.37,-1.6800000000000002,6.1899999999999995
197407,-8.05,1.92,5.17,-3.26,4.6,0.7,0.0301,-0.00473158,-0.28,5.15,-4.590000000000001
197408,-9.35,0.26,2.64,-0.28,2.6,0.6,0.03,-0.0286962,-4.77,-1.3399999999999999,3.3200000000000003
197409,-11.77,1.48,5.59,-4.43,5.92,0.81,0.0432,0.02436165,-1.09,7.49,1.7899999999999991
197410,16.1,-6.82,-9.88,-0.22,-2.87,0.51,-0.005,-0.07885913,4.58,-2.3100000000000005,-1.4499999999999993
197411,-4.51,-1.48,-0.2,-3.35,2.94,0.54,0.0218,-0.01939789,-1.47,3.72,2.54
197412,-3.45,-4.35,0.11,-0.69,3.26,0.7,0.0295,0.02044962,-2.67,-0.5,10.89
197501,13.66,12.92,8.27,-0.76,-0.92,0.58,-0.1389,0.10883999,4.84,9.250000000000002,-21.67
197502,5.56,-0.65,-4.44,1.15,-2.12,0.43,-0.0055,0.03674259,-0.69,-9.190000000000001,0.9899999999999998
197503,2.66,3.99,2.39,1.23,-1.31,0.41,-0.0199,0.05999037,-4.06,-1.3899999999999997,-10.04
197504,4.23,-0.72,-1.13,1.42,-1.35,0.44,0.0134,0.00210471,1.15,-8.35,2.66
197505,5.19,2.89,-4.1,-0.99,-0.61,0.44,-0.0047,-0.03234878,1.39,1.54,-5.319999999999999
197506,4.83,1.42,1.4,-2.66,1.1,0.41,0.0006,-0.01805181,2.95,5.9,-2.2699999999999996
197507,-6.59,3.44,1.69,0.46,1.23,0.48,0.0042,-0.00983661,4.01,3.0200000000000005,-1.3199999999999994
197508,-2.85,-2.84,-0.94,1.12,-0.93,0.48,-0.0013,-0.00842826,-0.29,-1.2100000000000002,5.51
197509,-4.26,0.05,0.43,0.53,0.55,0.53,0.0032,-0.01923828,2.56,0.6499999999999999,3.24
197510,5.31,-4.22,0.27,-0.48,2.2,0.56,-0.0014,0.09125723,1.94,-0.8500000000000005,7.550000000000001
197511,2.64,-1.1,2.05,-0.68,1.78,0.41,-0.0045,0.03609542,1.47,-1.0100000000000002,2.08
197512,-1.6,-0.05,1.69,-0.09,0.58,0.48,-0.0012,-0.00323456,-1.8,0.6599999999999999,-1.83
197601,12.16,6.32,8.57,-1.79,2.27,0.47,0.0446,0.01755052,2.54,-0.16000000000000014,-10.389999999999999
197602,0.32,7.98,5.82,-2.6,3.83,0.34,0.0036,-0.04261414,0.66,1.25,-14.870000000000001
197603,2.32,-1.39,-0.11,-0.33,0.94,0.4,0.0019,-0.01655556,-0.45,-4.16,2.0300000000000002
197604,-1.49,0.08,-0.14,0.4,-1.08,0.42,0.005,-0.01947486,2.5,1.7999999999999998,3.13
197605,-1.34,-1.1,-1.35,2.45,-1.4,0.37,-0.011,-0.04169475,0.21,2.0,2.1
197606,4.05,-1.07,0.69,-0.67,1.01,0.43,-0.0043,-0.00622104,-1.34,1.2599999999999998,-0.4500000000000002
197607,-1.07,0.63,1.73,-1.05,0.28,0.47,-0.0012,-0.02753544,1.87,0.2400000000000001,0.7999999999999999
197608,-0.56,-1.98,0.81,-0.41,-0.55,0.42,-0.0085,0.01783943,1.38,1.6,4.64
197609,2.07,0.1,-0.29,0.98,-1.15,0.44,0.0024,-0.01533322,1.72,1.44,1.3099999999999998
197610,-2.42,0.13,-0.18,-0.19,-0.37,0.41,-0.0048,0.00439052,1.12,1.5800000000000003,2.09
197611,0.36,2.66,1.51,-1.41,0.09,0.4,0.029,-0.02341377,0.45,3.0100000000000002,-2.5
197612,5.65,3.64,2.27,-0.62,2.28,0.4,0.0077,-0.01257718,3.17,1.0499999999999998,-6.85
197701,-4.05,5.9,4.27,-0.51,1.97,0.36,0.0398,-0.03111569,4.07,2.83,-5.54
197702,-1.94,1.07,0.47,-0.16,-0.22,0.35,0.0035,-0.01063134,2.49,-1.31,0.25
197703,-1.37,1.31,1.09,-0.3,-0.06,0.38,0.0049,0.0110664,1.23,2.8,-1.32
197704,0.15,0.61,3.38,-2.02,1.14,0.38,0.0422,-0.02957247,1.06,3.1900000000000004,-0.07999999999999999
197705,-1.45,1.31,0.85,0.33,0.19,0.37,0.0201,0.01764153,1.04,1.8299999999999998,0.27999999999999997
197706,4.71,2.08,-0.74,0.91,-1.2,0.4,0.0177,0.02062001,-0.22,-0.5499999999999998,-3.37
197707,-1.69,1.88,-0.57,0.74,0.09,0.42,0.0031,0.00105081,2.86,0.6199999999999999,0.69
197708,-1.75,0.86,-2.73,0.99,-0.69,0.44,-0.0178,0.03122732,0.34,-2.2600000000000002,-0.1100000000000001
197709,-0.27,1.43,-0.46,1.45,-0.84,0.43,0.0206,0.01184949,0.41,0.29000000000000004,0.21000000000000008
197710,-4.38,1.48,1.81,-0.19,-0.29,0.49,-0.0013,-0.0113563,0.18,2.62,1.0299999999999998
197711,4.0,3.64,0.23,-0.13,0.71,0.5,0.0219,0.00411296,0.28,0.56,-4.28
197712,0.27,1.59,-0.3,0.91,-0.69,0.49,0.0156,-0.00533581,2.37,-0.54,0.49000000000000005
197801,-6.01,2.72,3.36,-1.7,1.52,0.49,-0.0072,0.00576362,0.23,-1.1799999999999997,-4.34
197802,-1.38,3.7,0.83,0.33,1.04,0.46,0.019,-0.00164297,1.49,1.62,-2.11
197803,2.85,3.71,1.16,-0.59,1.88,0.53,0.0137,0.01568233,1.63,-0.5499999999999998,-5.12
197804,7.88,-0.27,-3.57,2.83,-1.29,0.54,0.0085,0.03447846,3.21,-2.63,0.009999999999999787
197805,1.76,4.58,-0.53,0.24,0.37,0.51,0.0285,0.01246015,2.21,0.020000000000000018,-8.72
197806,-1.69,1.56,0.57,-1.41,-0.03,0.54,0.0278,0.00816507,2.1,0.45000000000000007,-1.56
197807,5.11,0.13,-1.11,1.55,-0.79,0.56,0.0422,0.02739885,0.37,-3.3,0.31000000000000005
197808,3.75,4.95,-0.57,1.41,0.44,0.56,0.0282,-0.00124714,4.65,1.3599999999999994,-6.44
197809,-1.43,-0.31,1.86,-0.65,1.8,0.62,-0.0311,-0.02601002,2.39,0.19999999999999996,2.56
197810,-11.91,-10.07,1.39,0.18,0.99,0.68,-0.0839,0.04434662,-3.75,-1.5099999999999998,21.07
197811,2.71,2.85,-2.14,1.11,-1.19,0.7,0.0552,-0.035245,-4.21,-0.1299999999999999,-6.31
197812,0.88,1.12,-2.13,1.95,-1.38,0.78,0.0305,0.00439879,0.22,-1.17,1.92
197901,4.23,3.79,2.2,-2.49,1.51,0.77,-0.0124,-0.00997206,3.34,1.8000000000000003,-5.610000000000001
197902,-3.56,0.54,1.14,-1.11,0.96,0.73,-0.0106,-0.02951648,1.04,1.29,-0.020000000000000018
197903,5.68,3.2,-0.73,0.51,0.28,0.81,0.0288,-0.00618526,-1.35,-0.23999999999999932,-6.6
197904,-0.06,2.4,1.08,1.11,0.21,0.8,0.0081,0.01756117,1.13,-0.94,-3.37
197905,-2.21,0.17,1.32,-1.55,-0.27,0.82,-0.0057,-0.02161642,-0.12,3.64,1.38
197906,3.85,0.99,1.39,-1.59,-0.47,0.81,0.0082,-0.01745838,1.65,1.6499999999999995,-2.9899999999999998
197907,0.82,1.27,1.86,-0.28,0.71,0.77,-0.0109,-0.0169061,1.6,1.32,1.35
197908,5.53,1.92,-1.58,1.6,-1.47,0.77,-0.0023,0.01554346,1.96,-2.3899999999999997,-0.20999999999999996
197909,-0.82,-0.33,-0.9,1.0,0.32,0.83,0.0534,-0.01165099,0.39,-1.3900000000000001,-1.0
197910,-8.1,-3.51,-1.86,1.0,0.1,0.87,0.0212,-0.00122565,-4.7,-0.9400000000000004,6.459999999999999
197911,5.21,2.53,-3.28,0.02,-2.12,0.99,0.0796,-0.0687413,-1.6,3.5199999999999996,-3.0499999999999994
197912,1.79,4.32,-2.1,-0.72,-0.9,0.95,0.0478,-0.01634542,0.84,2.1999999999999997,-8.14
198001,5.51,1.82,1.75,-1.69,1.71,0.8,0.0751,-0.0011828,2.63,0.8900000000000006,-6.75
198002,-1.22,-1.58,0.61,0.07,2.7,0.89,0.0788,0.01681297,-1.53,-7.609999999999999,-1.3900000000000001
198003,-12.9,-6.92,-1.01,1.45,-1.16,1.21,-0.0959,0.03135061,-4.71,-1.3599999999999994,19.67
198004,3.97,1.05,1.08,-2.06,0.27,1.26,-0.0042,-0.01028562,2.09,3.1000000000000005,-0.9399999999999995
198005,5.26,2.1,0.38,0.32,-0.32,0.81,-0.0111,-0.0069873,3.65,-0.7699999999999996,-2.5300000000000002
198006,3.06,1.42,-0.76,-0.16,-1.28,0.61,0.0159,0.01083281,3.69,4.12,-1.9199999999999995
198007,6.49,3.82,-6.41,4.05,-2.38,0.53,0.0037,-0.00792257,-0.94,-2.4800000000000004,-0.8599999999999994
198008,1.8,4.26,-2.61,2.07,-0.87,0.64,0.0319,0.01137689,1.52,0.6999999999999997,-5.21
198009,2.19,0.66,-4.58,1.9,-2.77,0.75,0.0544,0.01353462,1.29,4.03,-3.9099999999999997
198010,1.06,2.36,-2.79,1.69,-1.18,0.95,0.0732,0.02801081,-0.22,-0.9600000000000002,-4.07
198011,9.59,-3.31,-8.33,4.51,-5.71,0.96,0.1524,0.02711584,-6.26,3.369999999999999,-5.370000000000001
198012,-4.52,-0.29,2.79,-1.29,1.23,1.31,-0.0665,0.02796543,0.92,-2.96,8.530000000000001
198101,-5.04,3.29,6.72,-3.53,4.35,1.04,-0.0794,0.03993729,4.71,-1.4900000000000002,5.74
198102,0.57,-0.51,1.02,0.21,2.27,1.07,-0.0139,0.00206586,1.96,-3.1300000000000003,1.92
198103,3.56,3.03,0.64,-2.26,-0.52,1.21,0.0073,0.01536375,3.67,4.77,-2.6300000000000003
198104,-2.11,4.59,2.28,0.83,1.22,1.08,-0.0095,-0.01733653,5.67,1.68,1.02
198105,0.11,2.45,-0.42,0.3,-1.54,1.15,0.0375,-0.02535517,-0.36,2.62,-0.10000000000000009
198106,-2.36,-0.95,5.13,-1.37,2.69,1.35,-0.059,0.06057139,5.44,-1.5499999999999998,6.03
198107,-1.54,-2.05,-0.49,1.26,-2.55,1.24,-0.0252,-0.0139918,-1.34,0.22,-1.89
198108,-7.04,-1.81,4.79,-0.31,1.41,1.28,-0.0112,-0.00151579,2.0,-2.2699999999999996,4.700000000000001
198109,-7.17,-2.44,5.17,0.12,2.61,1.24,0.0197,0.09453292,-1.62,-2.6599999999999993,12.67
198110,4.92,2.36,-4.21,3.14,-3.01,1.21,0.0407,-0.02318665,-1.94,4.380000000000001,-7.740000000000001
198111,3.36,-1.51,1.85,0.07,0.96,1.07,-0.0026,0.06008077,4.37,0.3200000000000003,2.81
198112,-3.65,1.2,0.82,0.22,2.5,0.87,0.0132,0.0075927,2.21,-3.1100000000000003,5.63
198201,-3.24,-1.13,3.19,-1.49,1.92,0.8,0.0173,-0.02015572,0.02,-2.3600000000000003,8.65
198202,-5.86,0.35,6.05,-3.43,4.56,0.92,0.05,-0.01174033,3.02,2.1599999999999997,5.930000000000001
198203,-1.87,-0.04,3.83,-1.39,2.49,0.98,0.0293,0.04321288,1.64,-2.1799999999999997,4.3100000000000005
198204,3.27,1.09,-2.7,1.56,-0.02,1.13,-0.0041,-0.02440709,2.14,0.6600000000000001,-0.69
198205,-3.99,0.64,1.76,0.88,-0.31,1.06,0.0255,0.02937871,2.48,-1.23,4.0
198206,-3.09,-0.52,1.55,0.01,2.7,0.96,0.05,0.04982222,-0.49,-1.1799999999999997,7.18
198207,-3.19,0.95,0.09,1.04,1.54,1.05,0.0447,-0.01620085,1.49,0.1200000000000001,4.33
198208,11.14,-4.33,0.93,-1.89,0.11,0.76,-0.0352,-0.00479533,-2.27,2.379999999999999,4.02
198209,1.29,2.62,0.27,2.14,-0.04,0.51,0.0417,0.04229533,7.55,-2.37,1.8599999999999999
198210,11.3,1.94,-3.67,0.29,-0.34,0.59,0.0003,-0.03734213,2.78,3.0,-3.16
198211,4.67,4.42,-1.85,-0.97,0.29,0.63,0.0589,0.01039021,6.73,3.2199999999999998,-0.27000000000000046
198212,0.55,-0.07,0.01,-0.01,1.05,0.67,0.0002,-0.0316098,3.04,-2.93,0.97
198301,3.6,3.33,-0.71,-1.55,-0.55,0.69,-0.017,-0.05400334,2.68,5.43,-2.9899999999999993
198302,2.59,2.93,0.7,-0.52,1.05,0.62,0.0383,-0.03102775,8.33,0.5900000000000003,2.61
198303,2.82,1.38,2.01,-0.17,2.74,0.63,0.0093,0.04124019,6.53,-5.4,0.3999999999999999
198304,6.67,0.47,0.51,-0.11,1.47,0.71,0.018,0.03768411,4.67,-0.6799999999999997,-1.33
198305,0.52,6.33,-1.42,-1.84,-1.54,0.69,-0.0159,0.01979461,3.13,4.37,-12.27
198306,3.07,1.19,-3.91,2.6,-0.87,0.67,0.0178,0.00161806,2.88,-2.56,-2.1900000000000004
198307,-4.07,1.01,5.62,-0.11,2.81,0.74,-0.0313,0.04651723,3.8,-1.0799999999999992,6.37
198308,-0.5,-4.32,5.54,0.53,1.9,0.76,-0.0544,0.04248757,-0.88,-2.4499999999999997,6.460000000000001
198309,0.91,0.31,1.01,1.25,0.5,0.76,-0.001,0.0133854,3.47,0.8199999999999998,5.75
198310,-3.44,-3.78,4.97,-0.8,2.97,0.76,-0.0456,0.05601174,3.48,-3.29,11.94
198311,2.16,1.89,-0.73,-0.75,0.66,0.7,-0.0009,-0.07239271,-0.13,-3.48,-4.869999999999999
198312,-1.78,-0.45,1.7,1.6,1.27,0.73,0.0074,0.05041631,1.36,-4.75,3.49
198401,-1.92,-0.03,7.57,-0.82,2.92,0.76,-0.0249,0.06745702,3.3,-1.4499999999999997,-0.37
198402,-4.82,-1.6,3.34,0.91,1.58,0.71,0.0019,0.00870775,-1.92,-0.5999999999999996,1.7199999999999998
198403,0.63,-0.29,0.47,-0.85,1.17,0.73,0.0109,0.00486617,-0.22,-3.86,2.3499999999999996
198404,-0.51,-0.96,1.19,3.38,0.76,0.81,0.0205,0.0084832,-0.19,-2.5700000000000003,2.25
198405,-5.97,0.14,0.29,2.2,-0.46,0.78,0.0152,0.02408758,1.77,0.9199999999999999,3.07
198406,1.82,0.1,-2.66,3.13,-1.56,0.75,-0.007,-0.00553726,0.75,-0.7899999999999998,0.05999999999999983
198407,-2.74,-2.22,0.33,3.55,-2.15,0.82,0.0293,0.01576677,2.91,-0.48999999999999977,7.66
198408,10.28,-0.26,-1.8,-0.68,-0.92,0.83,-0.0569,-0.02742872,0.03,2.540000000000001,-2.210000000000001
198409,-0.8,-0.03,5.23,1.37,2.41,0.86,0.0367,0.02757599,4.45,-1.73,4.37
198410,-0.84,-1.44,0.47,1.18,-1.09,1.0,0.0321,-0.00731473,2.69,-0.09999999999999998,5.85
198411,-1.76,-1.01,4.04,0.72,2.06,0.73,0.017,0.01642862,1.26,-2.42,4.819999999999999
198412,1.84,-0.65,-0.25,1.31,-1.36,0.64,0.0154,-0.00550148,0.26,2.44,2.48
198501,7.99,3.5,-5.33,-0.89,-3.41,0.65,-0.069,-0.01576028,2.08,3.9699999999999998,-8.09
198502,1.22,1.04,-0.1,1.29,1.06,0.58,0.0182,0.0253216,4.79,-2.81,-1.05
198503,-0.84,-1.39,4.07,1.23,2.88,0.62,0.0168,0.04007483,3.32,-2.5,6.9399999999999995
198504,-0.96,-0.1,3.72,1.55,0.71,0.72,0.0306,0.03801279,3.32,-0.36,5.16
198505,5.09,-2.31,-0.94,1.33,-1.49,0.66,0.04,-0.00774433,1.55,1.2700000000000005,4.380000000000001
198506,1.27,0.38,0.47,1.71,-0.77,0.55,0.0363,0.00733651,2.95,2.87,2.0300000000000002
198507,-0.74,2.87,-1.6,-0.44,-0.38,0.62,-0.0394,-0.01779483,-0.48,-1.29,-1.36
198508,-1.02,-0.29,2.28,-0.07,1.84,0.55,0.0182,0.02686818,0.83,-0.3599999999999999,1.9999999999999998
198509,-4.54,-1.8,1.29,1.09,1.62,0.6,0.0148,0.01096273,0.48,-2.6399999999999997,5.299999999999999
198510,4.02,-1.49,0.75,0.91,-1.08,0.65,0.0488,0.05133601,2.22,-0.020000000000000018,2.43
198511,6.48,0.02,-2.84,0.32,-2.29,0.61,-0.004,0.00652371,2.39,-3.3400000000000007,3.2699999999999996
198512,3.88,-0.4,-1.54,1.01,-1.82,0.65,-0.0013,-0.02018618,3.16,-1.17,2.43
198601,0.65,1.0,0.44,-2.0,-2.0,0.56,0.0296,0.01834367,1.81,2.73,-0.40000000000000013
198602,7.13,-0.71,-0.77,1.09,-1.24,0.53,0.0278,0.00265464,4.4,-0.25,2.25
198603,4.88,-0.65,-0.37,1.18,0.9,0.6,0.0245,0.04138383,4.53,0.75,1.0400000000000005
198604,-1.31,2.86,-2.86,2.89,-0.06,0.52,-0.005,-0.00457233,1.87,1.8599999999999999,-0.74
198605,4.62,-1.29,-0.21,2.15,1.08,0.49,0.0202,0.02593823,3.32,0.9100000000000001,-0.7399999999999998
198606,1.03,-0.88,1.3,1.83,0.82,0.52,0.0516,0.05798251,5.12,-2.07,3.82
198607,-6.45,-3.45,4.7,-0.45,0.84,0.52,0.018,-0.01316594,1.42,-0.8399999999999999,9.53
198608,6.07,-4.35,3.51,-1.63,3.19,0.46,-0.0501,-0.0281331,-1.59,-1.6000000000000005,6.550000000000001
198609,-8.6,2.05,3.22,-0.1,3.72,0.45,-0.0586,0.04417669,-2.44,0.9299999999999997,-1.17
198610,4.66,-2.33,-1.42,-0.05,1.0,0.46,0.0269,0.01676026,-1.46,-2.1200000000000006,2.78
198611,1.17,-1.89,-0.07,1.03,0.66,0.39,-0.0032,-0.03107634,-0.97,-4.38,6.79
198612,-3.27,0.12,0.36,0.81,0.09,0.49,0.004,-0.01192073,-2.22,-1.27,3.45
198701,12.47,-1.54,-3.16,0.16,-0.98,0.42,0.021,-0.07341739,3.63,-1.8100000000000005,2.200000000000001
198702,4.39,3.4,-5.91,-0.84,-2.63,0.43,-0.0217,-0.04335856,0.53,-0.3899999999999997,-3.99
198703,1.64,0.27,1.61,1.35,4.12,0.47,0.016,-0.00985237,4.94,-0.73,-1.2799999999999998
198704,-2.11,-1.54,-0.39,-0.5,1.03,0.44,0.0026,-0.03701776,0.42,-1.28,-0.7799999999999998
198705,0.11,-0.56,0.23,0.51,1.15,0.38,-0.0068,0.00951407,-0.35,-1.16,0.63
198706,3.94,-2.21,1.04,1.69,0.84,0.48,-0.002,0.02378235,2.25,-0.5300000000000002,6.92
198707,3.85,-1.12,0.73,-0.61,1.64,0.46,0.0267,0.01152099,4.25,-1.7199999999999998,-3.59
198708,3.52,-0.95,-0.95,2.04,-1.61,0.47,-0.0087,-0.04692197,-0.54,1.17,3.9600000000000004
198709,-2.59,0.4,0.3,-0.97,1.9,0.45,0.0071,0.00548224,0.06,-1.1700000000000002,-0.8600000000000001
198710,-23.24,-8.05,4.23,2.06,2.26,0.6,-0.0786,0.03540442,-12.69,-5.27,15.760000000000002
198711,-7.77,2.87,2.96,-1.88,0.68,0.35,-0.0114,-0.00970268,4.36,2.580000000000001,-0.33999999999999986
198712,6.81,0.06,-4.39,2.95,-2.46,0.39,0.0583,0.0051021,-9.26,0.39999999999999947,-0.6400000000000001
198801,4.21,-0.53,4.95,-1.13,2.2,0.29,-0.0758,0.04403158,3.73,0.20000000000000018,3.1799999999999997
198802,4.75,3.31,-1.69,1.55,0.0,0.46,-0.0154,0.00340222,-1.18,1.92,-5.83
198803,-2.27,6.24,0.74,-0.26,1.82,0.44,0.0063,-0.01999528,5.52,0.03999999999999998,-8.09
198804,0.56,1.15,1.63,-0.2,1.94,0.46,0.0225,-0.02540826,1.85,-0.13,0.9
198805,-0.29,-2.57,2.42,-0.74,0.33,0.51,0.0064,-0.00534737,0.99,-1.14,4.8
198806,4.79,2.14,-1.22,1.46,-3.44,0.49,-0.0291,-0.00984275,-0.54,3.04,-1.5499999999999998
198807,-1.25,-0.21,2.17,-0.58,1.49,0.51,0.0063,-0.00860539,1.58,0.13,0.019999999999999962
198808,-3.31,-0.03,2.1,-0.81,1.76,0.59,0.0033,0.03559253,1.46,-1.55,0.44999999999999973
198809,3.3,-1.35,-0.75,1.75,-0.6,0.62,0.0023,0.01503447,-2.13,-2.1200000000000006,3.94
198810,1.15,-2.95,1.69,1.29,1.03,0.61,0.0131,0.02371407,0.21,-3.25,5.86
198811,-2.29,-1.65,1.3,-0.28,1.63,0.57,0.0042,-0.00079888,-1.93,-2.7299999999999995,-0.47
198812,1.49,2.02,-1.61,0.69,-0.38,0.63,0.0042,-0.04437137,-2.53,1.4800000000000002,0.32000000000000006
198901,6.1,-2.31,0.62,-0.95,0.14,0.55,-0.0014,-0.00253105,0.86,2.3499999999999996,0.25
198902,-2.25,2.71,0.93,-0.87,1.81,0.61,0.0094,-0.00315509,1.04,0.3899999999999999,-3.02
198903,1.57,0.68,0.54,0.05,0.73,0.67,0.0356,-0.0095756,2.06,-1.2399999999999998,0.4500000000000002
198904,4.33,-0.78,-1.4,0.71,-0.57,0.67,0.0169,-0.01689219,0.9,0.3099999999999996,3.4499999999999997
198905,3.35,0.0,-0.87,0.49,-0.08,0.79,0.0156,-0.03947445,-0.44,-0.41000000000000014,2.46
198906,-1.35,-1.09,2.23,0.27,1.55,0.71,0.0063,0.07688385,2.01,-2.46,2.79
198907,7.2,-4.17,-2.79,1.95,-0.56,0.7,0.0541,0.03476273,0.86,-0.08000000000000007,6.47
198908,1.44,0.48,0.6,0.39,-0.57,0.74,-0.0015,0.00485453,0.92,-0.31000000000000005,0.24
198909,-0.76,0.49,-1.27,1.4,0.51,0.65,0.034,-0.04735992,0.08,-1.6099999999999999,-1.28
198910,-3.67,-3.32,-1.11,0.1,-0.03,0.68,0.0136,0.02588414,0.49,-3.71,8.96
198911,1.03,-1.29,-1.09,-0.86,1.37,0.69,0.0258,-0.02464571,1.31,-3.66,4.77
198912,1.16,-2.28,0.16,-0.07,1.45,0.61,0.0279,0.02271479,-0.9,0.3999999999999999,5.85
199001,-7.85,-1.32,0.85,-1.18,1.37,0.57,-0.0328,-0.0338115,-0.21,-2.0699999999999994,5.77
199002,1.11,1.15,0.64,-0.07,-0.61,0.57,-0.0053,-0.02992397,-1.35,0.98,-1.99
199003,1.83,1.58,-2.92,2.02,-0.95,0.64,0.0164,-0.02601628,-0.21,0.13999999999999996,0.6000000000000001
199004,-3.36,-0.32,-2.59,1.81,-1.0,0.69,0.0243,0.05788329,-2.46,0.03000000000000025,3.3
199005,8.42,-2.37,-3.83,1.54,-1.58,0.68,0.0305,-0.00631234,-2.01,-0.5299999999999994,1.8899999999999997
199006,-1.09,1.31,-1.93,-1.1,-0.36,0.63,0.0243,0.02640566,1.33,-1.38,-0.72
199007,-1.9,-3.13,-0.04,-0.11,3.23,0.68,0.0594,0.05108192,0.47,-3.35,7.43
199008,-10.15,-3.86,1.6,-0.35,2.99,0.66,0.0176,0.04550806,-2.07,-2.41,6.52
199009,-6.12,-3.74,0.61,0.06,3.61,0.6,0.0556,0.02006349,0.05,-7.550000000000001,11.059999999999999
199010,-1.92,-5.07,0.0,3.13,-0.32,0.68,0.0673,-0.01340196,-4.05,-3.49,12.16
199011,6.35,0.04,-2.97,0.51,-4.69,0.57,-0.0562,-0.01205725,-5.12,4.1499999999999995,-1.5300000000000002
199012,2.46,0.64,-1.63,2.65,-1.81,0.6,0.0002,-0.03357507,-1.24,1.4000000000000004,5.61
199101,4.69,3.89,-1.57,1.26,-3.85,0.52,-0.0655,-0.09368777,-6.13,4.3100000000000005,-7.35
199102,7.19,4.02,-0.63,-0.05,-0.43,0.48,-0.0475,-0.02036569,1.55,4.390000000000001,-9.700000000000001
199103,2.65,3.82,-1.3,-0.5,-1.11,0.44,0.0276,-0.00504698,1.44,1.96,-5.640000000000001
199104,-0.28,0.32,1.45,0.64,0.8,0.53,-0.024,0.01733852,4.85,-0.39000000000000007,1.1
199105,3.65,0.12,-0.49,2.05,-2.35,0.47,-0.0009,-0.00883988,1.14,1.9099999999999997,2.78
199106,-4.94,0.26,1.07,1.77,0.64,0.42,0.0046,0.02890272,2.56,-4.26,4.23
199107,4.24,-0.95,-1.32,1.61,-1.38,0.49,0.0434,0.01752819,0.31,2.7,0.5500000000000003
199108,2.32,1.41,-0.78,0.85,-0.34,0.46,0.0163,-0.01800622,1.32,1.5899999999999999,-2.23
199109,-1.59,1.56,-1.07,-1.8,0.08,0.46,0.0173,0.01091772,2.87,0.9000000000000001,1.87
199110,1.29,0.9,-0.46,-1.73,-0.23,0.42,0.0322,0.02057336,2.17,0.6699999999999999,-0.8899999999999997
199111,-4.19,-0.84,-1.88,1.06,0.01,0.39,0.0126,0.0438126,2.62,-3.1799999999999997,5.3999999999999995
199112,10.84,-2.4,-4.18,3.56,-3.12,0.38,0.083,-0.05182236,-3.29,-0.17999999999999972,1.25
199201,-0.59,9.19,4.7,-1.29,3.2,0.34,-0.0251,-0.06950411,5.36,3.29,-19.04
199202,1.09,1.34,6.47,0.1,2.19,0.28,-0.0058,-0.05088761,3.87,0.61,-1.97
199203,-2.66,-0.93,3.55,-0.01,1.95,0.34,-0.0036,-0.00363603,2.41,-3.9000000000000004,3.66
199204,1.07,-5.7,4.32,1.69,2.23,0.32,-0.0254,-0.00434155,-0.33,-3.9,12.48
199205,0.3,0.21,1.19,-0.96,0.48,0.28,0.0013,0.00252168,1.13,2.26,2.21
199206,-2.34,-2.74,3.25,-0.09,1.01,0.32,-0.0061,0.02317403,1.62,-3.0500000000000003,6.5600000000000005
199207,3.77,-0.66,-0.55,1.24,-0.89,0.31,0.0144,0.0235712,1.34,-4.01,1.6799999999999997
199208,-2.38,-0.44,-1.08,3.68,-1.6,0.26,-0.0051,0.05003105,1.04,-2.2700000000000005,5.25
199209,1.19,0.44,-0.23,1.58,-0.63,0.26,0.0143,-0.02288804,1.74,1.0899999999999999,0.5499999999999998
199210,1.02,2.09,-1.98,1.26,-0.84,0.23,0.0271,-0.0212141,-0.44,0.56,-4.72
199211,4.13,3.98,-1.42,-0.62,-1.65,0.23,-0.0034,-0.05875097,-0.49,4.17,-5.74
199212,1.53,1.67,2.65,-0.46,0.83,0.28,0.0444,-0.02856879,3.43,2.92,0.8599999999999999
199301,0.93,1.89,5.95,-1.85,2.94,0.23,0.0483,-0.00214896,7.81,2.16,-2.71
199302,0.12,-3.47,6.44,-0.48,4.21,0.22,0.031,0.06782499,5.84,-1.21,8.74
199303,2.3,0.08,1.19,-0.17,0.9,0.25,0.0374,-0.04096191,4.64,-0.5800000000000001,-0.18999999999999995
199304,-3.05,-0.86,2.48,-3.6,1.44,0.24,0.0033,-0.01757492,4.86,-1.1599999999999997,1.33
199305,2.89,1.93,-3.5,-0.08,-1.05,0.22,0.003,0.04327865,0.94,3.9,-6.0200000000000005
199306,0.31,0.16,2.72,-0.91,1.2,0.25,0.0457,-0.03221574,3.57,3.5999999999999996,2.51
199307,-0.34,0.92,2.82,-1.85,2.05,0.24,0.0325,-0.0131466,3.58,1.52,1.51
199308,3.71,0.11,0.14,-1.54,-0.03,0.25,0.0258,0.01569838,2.24,1.5899999999999994,-0.3999999999999999
199309,-0.12,2.94,-0.35,0.25,-0.16,0.26,0.0341,-0.0762776,3.08,4.42,-2.08
199310,1.41,1.89,-2.78,0.58,0.6,0.22,-0.0267,0.04791693,3.26,-1.7000000000000002,-5.09
199311,-1.89,-1.18,-0.66,2.19,-0.94,0.25,-0.0471,0.05129774,-3.48,-2.66,1.1
199312,1.65,1.38,0.27,1.17,-0.34,0.23,0.0228,0.01259124,1.29,1.3800000000000003,2.66
199401,2.87,0.08,1.28,-1.75,1.43,0.25,0.0002,-0.00361544,3.5,-2.3,-2.3800000000000003
199402,-2.55,2.67,-1.56,2.15,-1.0,0.21,-0.0029,0.00979925,-1.24,0.47,-2.94
199403,-4.78,-1.09,1.55,0.71,1.28,0.27,-0.0133,0.02695421,-0.81,-0.5799999999999996,4.5
199404,0.68,-1.0,1.66,1.06,1.11,0.27,0.0041,0.00612393,-1.26,0.06000000000000005,4.74
199405,0.58,-2.53,0.7,0.6,0.68,0.31,-0.0215,0.03175964,0.9,-1.19,2.69
199406,-3.03,-0.48,1.67,1.21,1.47,0.31,-0.0082,5.457e-05,1.5,-0.4900000000000002,3.7899999999999996
199407,2.82,-1.79,0.57,-0.6,0.11,0.28,0.0019,-0.01059753,-0.74,-0.28000000000000025,1.67
199408,4.01,1.38,-2.5,0.96,-1.47,0.37,0.0156,0.00507026,-2.28,4.1000000000000005,-4.6000000000000005
199409,-2.31,2.76,-1.84,0.53,0.9,0.37,0.0133,0.03112048,3.84,1.28,-3.59
199410,1.34,-2.31,-1.63,0.24,-0.69,0.38,0.0143,0.01237485,-2.0,-2.78,0.8200000000000003
199411,-4.04,0.13,-0.73,0.4,-0.39,0.37,-0.002,-0.01963511,-3.9,-2.34,0.4099999999999997
199412,0.86,-0.04,-0.09,0.39,0.3,0.44,0.035,0.01729069,-3.06,-0.010000000000000009,2.23
199501,1.8,-3.02,2.51,0.2,-0.76,0.42,-0.0182,-0.03279159,1.29,-3.0599999999999996,4.19
199502,3.63,-0.54,1.09,0.56,-0.28,0.4,-0.0036,-0.00700056,1.34,0.9899999999999998,-0.6299999999999999
199503,2.19,-0.53,-2.08,-0.13,0.24,0.46,0.0038,0.01697178,1.22,-1.48,-0.6799999999999999
199504,2.11,-0.22,1.7,0.4,0.89,0.44,0.018,0.01060802,1.31,0.21999999999999997,0.48
199505,2.9,-2.18,2.27,0.36,0.1,0.54,-0.0044,-0.00611823,1.44,-1.0699999999999998,3.25
199506,2.72,3.03,-2.54,-0.35,-2.48,0.47,0.029,0.00737955,1.84,3.32,-8.799999999999999
199507,3.72,2.08,-1.59,0.28,-1.64,0.45,0.0253,0.04921159,1.59,2.0999999999999996,-6.58
199508,0.55,1.76,2.81,-1.22,1.61,0.47,0.0009,-0.01005996,3.44,0.5599999999999999,-0.09000000000000008
199509,3.35,-1.9,-0.05,1.02,0.38,0.43,0.0271,-0.07500886,3.2,-0.94,3.54
199510,-1.52,-4.07,-0.51,1.86,-0.04,0.47,0.0411,0.03448483,-0.39,-3.09,7.24
199511,3.96,-1.07,0.58,-0.56,1.13,0.42,-0.0065,-0.01948926,-1.05,0.17999999999999972,2.1900000000000004
199512,1.03,0.73,0.18,-1.38,3.08,0.49,0.0254,-0.03359063,2.25,-2.5700000000000003,5.970000000000001
199601,2.26,-2.56,0.4,0.19,2.31,0.43,0.0057,0.06793406,4.4,-3.1599999999999997,3.4
199602,1.33,1.76,-1.07,0.24,-1.89,0.39,0.0057,0.04276022,0.82,3.43,-3.54
199603,0.73,1.64,0.36,1.48,-0.96,0.39,-0.0188,-0.04639145,2.59,1.93,0.68
199604,2.06,4.7,-4.05,-0.16,-2.11,0.46,-0.0091,-0.04389764,0.08,1.3399999999999994,-13.94
199605,2.36,3.22,-0.89,0.16,-0.3,0.42,0.0155,-0.02598256,3.72,1.2100000000000002,-0.5200000000000005
199606,-1.14,-3.64,2.38,3.48,1.2,0.4,0.0101,-0.05473623,3.41,-5.47,11.459999999999999
199607,-5.97,-3.8,5.14,2.97,2.56,0.45,-0.0011,0.00280677,-0.15,-3.910000000000001,12.51
199608,2.77,2.58,-0.74,-0.41,-2.4,0.41,-0.0005,0.00556336,1.09,3.9300000000000006,-4.539999999999999
199609,5.01,-1.39,-2.7,1.23,-2.22,0.44,0.027,-0.01866779,1.31,-1.0200000000000005,-2.9299999999999997
199610,0.86,-3.76,4.94,1.38,3.26,0.42,0.0391,-0.00474323,3.27,-4.28,10.83
199611,6.25,-3.82,1.39,2.1,-0.78,0.41,-0.0223,0.07254768,0.9,-1.8899999999999997,3.21
199612,-1.7,3.26,1.32,0.38,1.47,0.46,0.0061,-0.03183813,2.45,1.07,0.9200000000000002
199701,4.98,-1.82,-1.46,1.22,-0.13,0.45,0.0195,-0.03141478,3.95,-1.4700000000000002,0.21999999999999975
199702,-0.49,-2.56,5.69,0.65,3.48,0.39,-0.0205,-0.03932384,5.87,-1.84,10.129999999999999
199703,-5.02,-0.43,3.4,0.45,1.71,0.43,0.0096,0.02138242,2.98,-5.2700000000000005,6.65
199704,4.04,-5.71,0.07,3.24,-0.71,0.43,0.0492,0.05902431,-1.46,-3.66,5.95
199705,6.74,4.75,-4.12,-1.02,-2.95,0.49,-0.0516,0.01536884,-1.74,5.08,-9.4
199706,4.1,1.21,1.59,0.56,0.63,0.37,0.0262,0.00962123,5.75,0.9800000000000004,1.77
199707,7.33,-2.77,0.29,0.07,-2.55,0.43,0.0381,0.02599752,0.92,0.96,0.6200000000000001
199708,-4.15,7.63,1.2,-1.09,0.09,0.41,-0.0255,-0.00783015,2.16,0.25,-10.2
199709,5.35,2.49,0.38,-1.62,-0.85,0.44,0.0145,-0.01551611,8.24,0.6399999999999997,-0.21999999999999975
199710,-3.8,-0.55,2.25,1.04,1.88,0.42,-0.0038,-0.00139516,4.63,-0.3900000000000001,5.81
199711,2.98,-5.1,1.19,2.81,1.67,0.39,0.0029,0.05435908,1.65,-0.9099999999999999,9.2
199712,1.32,-2.01,3.86,0.8,1.99,0.48,0.0395,0.00400618,6.7,1.53,7.1899999999999995
199801,0.15,-1.36,-1.59,0.87,-0.84,0.43,0.0011,0.00741842,-1.36,-1.82,0.62
199802,7.04,0.2,-0.85,-0.34,-2.32,0.39,-0.0115,0.05848336,0.09,2.99,-3.5999999999999996
199803,4.76,-0.63,1.41,-0.29,-0.41,0.39,0.0215,-0.0243133,3.72,-1.2700000000000005,4.49
199804,0.73,-0.05,0.9,-1.67,-0.44,0.43,0.0078,-0.01149626,3.16,2.6799999999999997,-4.03
199805,-3.07,-2.92,3.4,1.08,2.74,0.4,0.0188,-0.01105658,1.75,-3.28,6.2700000000000005
199806,3.18,-3.67,-1.96,-0.26,-3.13,0.41,0.0726,0.01674068,-1.18,-1.37,3.4
199807,-2.46,-5.27,-1.76,1.72,0.45,0.4,0.0368,0.00349193,-0.29,-2.0400000000000005,3.17
199808,-16.08,-5.17,3.6,3.44,5.89,0.43,0.0188,-0.02955903,-0.8,-7.520000000000001,17.42
199809,6.15,-0.77,-3.37,-1.9,-2.97,0.46,-0.0071,0.01533438,-3.69,-0.35000000000000053,-8.649999999999999
199810,7.13,-3.42,-2.29,0.94,0.32,0.32,-0.0536,0.01448131,-8.76,0.6299999999999999,-4.35
199811,6.1,0.71,-3.23,-0.91,-1.14,0.31,0.0116,0.00812597,-3.57,1.6500000000000004,-1.0299999999999994
199812,6.16,-1.57,-4.18,-0.76,-3.41,0.38,0.0899,-0.00535786,-2.87,-5.710000000000001,-3.169999999999999
199901,3.5,-0.73,-4.62,-2.79,-6.78,0.35,0.0304,0.03896111,-3.72,3.42,-17.93
199902,-4.08,-5.2,1.88,-1.17,4.06,0.35,-0.0016,0.0276192,1.0,-2.79,5.82
199903,3.45,-4.23,-2.77,-4.1,-1.41,0.43,-0.0129,-0.00666621,-7.3,2.2399999999999998,-6.529999999999999
199904,4.33,4.53,2.41,-2.55,0.93,0.37,-0.0906,0.09830131,-0.2,4.66,-12.6
199905,-2.46,3.74,2.3,1.0,3.32,0.34,-0.0528,-0.00934493,3.61,-5.99,1.73
199906,4.77,2.3,-3.26,1.12,-3.24,0.4,0.0488,0.03205062,-1.33,6.18,-4.32
199907,-3.49,2.57,-0.42,0.38,3.19,0.38,0.0151,-0.01623663,0.1,-5.970000000000001,3.34
199908,-1.38,-1.72,-1.84,-0.21,0.63,0.39,0.0292,-0.00025084,-2.67,-2.4599999999999995,-0.4900000000000001
199909,-2.79,2.62,-3.48,-0.74,-1.17,0.39,0.0646,-0.03586392,-4.97,-3.9000000000000004,-4.69
199910,6.12,-6.89,-3.37,-1.72,-1.22,0.39,0.0547,0.09527135,-2.42,2.130000000000001,1.67
199911,3.37,5.8,-6.16,-4.29,-1.78,0.36,0.0562,-0.01694107,-11.95,0.5700000000000001,-21.27
199912,7.72,5.34,-8.32,-7.6,-5.61,0.44,0.1319,0.03895799,-11.32,3.07,-16.63
200001,-4.74,4.45,-1.89,-6.29,4.74,0.41,0.0186,0.0196141,-0.2,-0.34999999999999987,-3.76
200002,2.45,18.38,-9.81,-18.76,-0.35,0.43,0.1836,-0.0308988,-13.45,10.540000000000001,-29.31
200003,5.2,-15.39,8.23,11.82,-1.61,0.47,-0.0639,-0.01123515,0.08,-9.419999999999998,27.33
200004,-6.4,-4.96,7.25,7.67,5.62,0.46,-0.0857,-0.03381499,6.9,-6.640000000000001,21.950000000000003
200005,-4.42,-3.87,4.83,4.18,1.32,0.5,-0.0908,0.0031227,6.05,-0.16000000000000014,14.9
200006,4.64,9.87,-8.41,-8.26,-2.91,0.4,0.1659,-0.02788096,-10.12,1.1,-25.36
200007,-2.51,-1.02,8.33,6.09,2.96,0.48,-0.0011,0.11675388,6.14,-5.57,6.959999999999999
200008,7.03,-1.01,-1.37,-3.01,1.06,0.5,0.057,-0.05028681,-5.07,0.6600000000000001,-10.079999999999998
200009,-5.45,0.26,7.17,2.89,5.56,0.51,0.022,-0.02168257,8.17,-4.9399999999999995,11.96
200010,-2.76,-2.72,5.64,9.28,3.84,0.56,-0.0463,0.04528509,1.28,-6.99,15.14
200011,-10.72,-0.58,12.34,13.38,8.42,0.51,-0.024,-0.00858397,13.49,-11.549999999999999,33.35
200012,1.19,3.3,7.6,2.44,4.79,0.5,0.067,-0.00443181,8.38,-8.97,7.58
200101,3.13,5.45,-5.11,-5.46,-5.05,0.54,-0.2505,0.0683114,-15.67,3.59,-23.84
200102,-10.05,2.79,12.48,9.12,9.06,0.38,0.1251,0.04393804,15.36,-10.59,33.52
200103,-7.26,2.36,6.43,3.39,3.9,0.42,0.0835,0.07317705,10.54,-10.06,18.11
200104,7.94,-0.88,-4.69,-3.48,-3.18,0.39,-0.0797,0.00404694,-4.78,4.34,-16.66
200105,0.72,3.59,3.36,0.25,1.91,0.32,0.0212,0.02767428,6.65,-2.26,6.859999999999999
200106,-1.94,6.57,-1.13,1.27,-1.51,0.28,0.0034,0.00714508,3.43,-2.65,-1.41
200107,-2.13,-2.83,5.21,7.42,3.05,0.3,0.0547,0.03803152,7.08,-9.4,14.610000000000001
200108,-6.46,2.71,2.3,4.06,6.56,0.31,0.0554,0.048928,7.05,-7.16,13.690000000000001
200109,-9.25,-5.73,1.46,5.03,3.22,0.28,0.1154,-0.0970508,5.19,-7.540000000000001,20.520000000000003
200110,2.46,5.28,-7.66,-3.01,-4.55,0.22,-0.0841,0.0340761,-7.0,0.41000000000000014,-19.279999999999998
200111,7.54,-0.31,2.22,-3.74,-1.66,0.17,-0.0858,0.03442078,-6.4,3.01,-9.46
200112,1.6,5.16,0.85,0.35,-0.28,0.15,-0.0001,0.06763465,1.94,-2.9899999999999998,-1.9999999999999996
200201,-1.44,1.25,3.43,4.69,2.86,0.14,0.0368,-0.01303372,5.12,-3.18,4.82
200202,-2.29,-0.36,2.16,8.06,5.1,0.13,0.0677,0.02393301,9.66,-7.370000000000001,16.42
200203,4.24,4.24,1.06,-1.78,0.59,0.13,-0.0167,0.08991159,3.07,-2.41,-12.2
200204,-5.2,6.73,3.88,4.59,5.37,0.15,0.0795,0.05470006,12.96,-6.640000000000001,10.51
200205,-1.38,-3.02,1.53,2.35,2.42,0.14,0.0297,0.05181104,7.4,0.76,10.49
200206,-7.21,3.88,-0.03,3.93,2.51,0.13,0.0615,-0.00983171,8.1,2.2299999999999995,16.259999999999998
200207,-8.18,-6.42,-3.87,3.76,-1.02,0.15,0.0334,-0.05913371,-1.35,-6.3100000000000005,12.09
200208,0.5,-1.32,3.31,1.34,-1.42,0.14,0.0176,-0.0019038,3.11,1.3,0.8700000000000001
200209,-10.35,3.1,1.44,3.26,-2.22,0.14,0.0909,-0.01711884,5.52,-3.3599999999999994,9.139999999999999
200210,7.84,-4.3,-3.95,-3.36,0.78,0.14,-0.0531,0.03740641,-8.9,6.76,-6.93
200211,5.96,2.95,-1.27,-9.19,5.15,0.12,-0.1619,0.03067066,-14.37,0.25,-27.72
200212,-5.76,0.64,2.13,6.27,-1.69,0.11,0.0964,-0.01299143,12.18,-0.6199999999999992,11.98
200301,-2.57,0.67,-0.73,-1.03,0.76,0.1,0.016,-0.02653535,1.39,2.39,-4.54
200302,-1.88,-0.93,-1.38,0.87,-0.61,0.09,0.0125,0.0075069,1.89,0.6699999999999999,3.5200000000000005
200303,1.09,0.68,-1.93,1.87,-0.76,0.1,0.016,0.00047226,1.21,-1.1,-0.3500000000000001
200304,8.22,1.05,1.17,-4.67,1.08,0.1,-0.0949,0.04124743,-3.43,2.7600000000000007,-9.55
200305,6.05,4.85,0.53,-7.02,3.02,0.09,-0.1085,0.01127813,-5.61,3.17,-18.66
200306,1.42,1.66,0.19,0.44,-0.34,0.1,-0.0109,-0.00778027,1.86,1.5199999999999998,-3.6599999999999997
200307,2.35,4.58,-1.19,-4.23,1.85,0.07,-0.0031,0.06968007,0.55,-0.6100000000000003,-5.999999999999999
200308,2.34,2.52,1.54,-2.21,2.13,0.07,-0.0055,0.0393575,0.35,1.1,-4.07
200309,-1.24,0.55,0.1,1.06,0.34,0.08,-0.0019,-0.00784658,1.79,-0.36,-0.23999999999999994
200310,6.08,2.67,1.92,-1.3,1.48,0.07,0.0373,0.01597152,0.26,0.3700000000000001,-7.22
200311,1.35,2.25,1.81,0.12,1.81,0.07,0.0163,0.00427615,4.58,-1.83,-3.2
200312,4.29,-2.53,1.6,0.51,0.95,0.08,-0.0569,-0.0048028,6.27,0.1200000000000001,3.13
200401,2.15,2.44,2.46,-3.66,3.39,0.07,0.0259,-0.05443749,-1.46,1.9,-8.16
200402,1.4,-0.88,0.87,2.15,-1.22,0.06,-0.0107,0.02477676,5.39,-2.58,2.54
200403,-1.32,2.12,0.23,1.61,-0.99,0.09,0.0022,0.02065276,5.13,-0.59,-0.11999999999999988
200404,-1.83,-2.07,-3.02,3.42,-2.76,0.08,-0.0537,-0.01521175,0.09,-3.73,7.359999999999999
200405,1.17,-0.42,-0.23,-1.15,0.0,0.06,0.0159,0.00904162,0.38,0.030000000000000027,-2.34
200406,1.86,2.57,1.23,1.19,-0.38,0.08,0.0209,0.02022329,2.55,-2.0300000000000002,-0.5599999999999998
200407,-4.06,-2.95,3.22,5.31,-1.66,0.1,-0.0228,0.06279619,5.98,-2.8000000000000003,10.719999999999999
200408,0.08,-1.15,1.0,1.24,-1.44,0.11,-0.0158,0.05345076,2.67,-0.6499999999999999,6.34
200409,1.6,3.27,-0.02,-1.44,-1.89,0.11,0.0525,0.0048281,3.0,-0.050000000000000044,-5.220000000000001
200410,1.43,0.19,-0.25,-0.49,0.49,0.11,-0.0152,0.00441949,1.53,-1.1099999999999999,-0.6499999999999999
200411,4.54,4.11,1.45,-0.59,-0.21,0.15,0.0323,0.01463329,3.09,0.8500000000000005,-4.529999999999999
200412,3.43,-0.05,-0.21,-1.17,0.46,0.16,-0.0283,-0.03165891,1.5,-1.6800000000000002,-4.25
200501,-2.76,-1.18,2.07,2.72,-1.46,0.16,0.0319,0.04044509,3.92,-3.58,4.02
200502,1.89,-0.3,1.54,1.42,-0.05,0.16,0.0318,0.04450871,3.45,-1.7799999999999998,0.7100000000000001
200503,-1.97,-1.42,2.05,0.45,1.29,0.21,0.0055,-0.00132561,0.64,-0.1299999999999999,3.28
200504,-2.61,-3.98,0.05,0.94,-0.95,0.21,-0.0085,-0.05303603,1.46,0.6000000000000001,4.22
200505,3.65,2.79,-0.59,-0.95,0.29,0.24,0.0043,0.01267375,-1.88,2.03,-7.07
200506,0.57,3.28,2.81,0.96,-0.52,0.23,0.0206,0.04408991,3.71,2.9,-4.8
200507,3.92,2.79,-0.78,-1.23,-0.81,0.24,-0.0003,0.02473039,1.64,0.6100000000000003,-6.01
200508,-1.22,-0.9,1.34,-2.11,0.36,0.3,0.0227,0.02345094,0.27,0.7400000000000001,0.9700000000000001
200509,0.49,-0.36,0.69,0.27,-0.6,0.29,0.0345,0.0283177,0.15,0.78,-0.75
200510,-2.02,-1.43,0.41,-0.94,-1.29,0.27,-0.013,-0.03949692,-2.2,1.5,4.1899999999999995
200511,3.61,0.84,-1.2,-0.74,-1.14,0.31,0.0027,0.01067487,0.0,2.6300000000000003,-1.5699999999999994
200512,-0.25,-0.2,0.22,0.21,0.23,0.32,0.0076,0.00169137,1.41,0.6,-2.48
200601,3.04,5.77,1.09,-0.66,-0.43,0.35,0.0268,0.02756819,0.91,0.6999999999999997,-10.26
200602,-0.3,-0.43,-0.37,-0.5,1.9,0.34,-0.0184,-0.02839748,0.65,-1.65,3.85
200603,1.46,3.4,0.55,0.1,-0.4,0.37,0.0126,0.00414386,1.06,-0.06000000000000005,-3.32
200604,0.73,-0.85,2.34,1.79,-0.01,0.36,0.0061,0.01708863,1.33,3.58,1.1700000000000002
200605,-3.57,-2.86,2.39,1.15,1.46,0.43,-0.0365,0.01251758,0.3,-3.2199999999999998,6.39
200606,-0.35,-0.22,0.8,1.33,-0.08,0.4,0.0147,0.01781355,0.08,0.3600000000000001,0.16000000000000003
200607,-0.78,-3.64,2.62,1.64,0.9,0.4,-0.0222,0.02337923,2.06,-2.12,10.989999999999998
200608,2.03,0.42,-2.04,-1.9,2.15,0.42,-0.0346,-0.0385289,-0.46,-4.64,-1.54
200609,1.84,-1.43,0.06,0.86,0.57,0.41,-0.0095,-0.01048976,-0.17,-1.16,2.1
200610,3.23,1.95,-0.26,-0.16,0.28,0.41,-0.0024,0.04461047,0.47,-0.07999999999999918,-2.87
200611,1.71,0.73,0.11,0.18,-0.83,0.42,-0.0101,0.0260988,1.48,2.17,-3.9800000000000004
200612,0.87,-0.8,2.71,-0.71,2.05,0.4,0.0084,-0.02536309,2.54,-2.4,4.87
200701,1.4,0.09,-0.7,0.27,0.36,0.44,0.0018,0.01124775,1.37,1.07,-1.7499999999999998
200702,-1.96,1.28,-0.12,-0.5,-0.72,0.38,-0.0136,0.0341437,1.16,2.98,0.40000000000000013
200703,0.68,0.18,-0.94,0.61,-0.66,0.43,0.025,0.01903779,0.08,1.8399999999999999,-0.6100000000000001
200704,3.49,-2.06,-1.43,1.1,1.05,0.44,-0.0015,0.01122286,0.87,-1.0699999999999998,0.8700000000000001
200705,3.24,0.38,-0.62,1.55,-1.36,0.41,-0.0027,0.01731541,-1.03,4.23,-1.1400000000000001
200706,-1.96,0.75,-1.07,0.53,0.08,0.4,0.0039,0.0290538,0.8,-0.42999999999999994,-1.3599999999999999
200707,-3.73,-2.98,-3.73,0.19,-1.11,0.4,0.0281,0.02938156,-0.72,0.5399999999999996,0.6299999999999999
200708,0.92,-0.38,-1.89,-1.23,-0.54,0.42,0.001,-0.00376736,-2.92,-1.57,3.06
200709,3.22,-2.42,-2.23,-0.56,-3.02,0.32,0.0457,0.03076551,1.41,1.12,0.31000000000000005
200710,1.8,-0.04,-3.11,-0.31,-0.12,0.32,0.0488,0.05934349,0.21,-2.06,0.8300000000000001
200711,-4.83,-3.02,-0.94,1.88,-0.27,0.34,0.009,0.00872653,-4.05,0.9400000000000004,9.68
200712,-0.87,0.18,-0.52,0.82,-1.06,0.27,0.0654,0.05963935,-2.48,1.56,0.98
200801,-6.36,-0.61,4.01,2.21,2.13,0.21,-0.0788,-0.12776798,-2.09,-0.47000000000000064,5.170000000000001
200802,-3.09,-0.64,-0.84,0.83,-0.93,0.13,0.0611,0.00418435,2.26,-3.5700000000000003,5.88
200803,-0.93,0.61,0.35,0.8,0.51,0.17,0.041,0.06128142,-6.73,4.27,7.14
200804,4.6,-1.19,-1.09,1.68,-2.46,0.18,-0.0033,0.10203357,-2.12,-0.5899999999999999,-3.86
200805,1.86,3.02,-1.53,0.91,-0.06,0.18,0.0321,0.06788095,0.9,4.65,-0.5299999999999999
200806,-8.44,1.19,-2.7,4.94,-0.56,0.17,0.1254,0.05163979,0.47,-0.1899999999999995,1.2600000000000007
200807,-0.77,3.7,5.27,-1.35,1.03,0.15,-0.0513,-0.07636082,-6.77,4.130000000000001,2.84
200808,1.53,3.4,1.48,1.88,0.85,0.13,-0.0403,0.01303803,-1.3,-4.87,5.74
200809,-9.24,0.25,5.9,2.41,1.8,0.15,0.0036,-0.11851009,-9.11,-0.7799999999999994,18.330000000000002
200810,-17.23,-3.28,-2.22,2.99,2.04,0.08,0.0779,-0.07244069,-5.06,-4.370000000000001,7.57
200811,-7.86,-3.92,-6.3,4.52,2.74,0.03,0.0717,-0.06106824,-3.53,-3.210000000000001,15.990000000000002
200812,1.74,3.31,0.07,0.13,-1.51,0.0,-0.0507,-0.07916169,-7.61,-2.8800000000000003,-2.63
200901,-8.12,-2.08,-11.11,0.11,-1.19,0.0,-0.0182,0.10201878,11.9,-1.6600000000000001,-4.64
200902,-10.1,-1.3,-6.91,1.11,-1.05,0.01,0.0403,0.04521074,-0.33,5.880000000000001,11.26
200903,8.95,0.66,3.34,-2.52,-2.19,0.02,-0.1161,-0.05054573,-2.65,0.5299999999999994,-15.579999999999998
200904,10.18,7.04,5.26,1.28,0.11,0.01,-0.3439,-0.01430456,-7.87,6.069999999999999,-29.080000000000002
200905,5.21,-2.31,0.37,-0.74,-2.2,0.0,-0.1247,0.02944643,6.53,2.33,-12.09
200906,0.43,2.31,-2.72,-1.34,-0.31,0.01,0.053,-0.01314339,9.1,0.8,1.34
200907,7.72,2.4,4.84,-0.36,3.15,0.01,-0.0537,-0.00528225,-3.62,-2.09,-7.659999999999999
200908,3.33,-0.08,7.63,-2.92,3.3,0.01,-0.0882,-0.05517014,-2.28,4.21,-16.3
200909,4.08,2.72,1.04,1.25,0.35,0.01,-0.0495,0.07015341,-0.38,2.82,-5.01
200910,-2.59,-4.92,-4.2,4.17,-1.46,0.0,0.0266,0.05825188,0.81,-5.05,15.629999999999999
200911,5.56,-2.68,-0.33,0.98,0.11,0.0,0.0033,0.00175272,-1.2,0.7499999999999996,0.5999999999999996
200912,2.75,6.24,-0.17,1.05,-0.1,0.01,0.0291,0.02792747,0.94,1.72,-4.67
201001,-3.36,0.35,0.43,-1.23,0.44,0.0,-0.0536,-0.01312904,1.01,-4.01,2.32
201002,3.4,1.51,3.22,-0.28,1.4,0.0,0.0363,0.00103853,0.74,-1.4100000000000001,-2.4799999999999995
201003,6.31,1.85,2.21,-0.63,1.67,0.01,0.0371,-0.05931165,1.54,4.220000000000001,-4.03
201004,2.0,4.98,2.89,0.7,1.74,0.01,0.0321,0.00059144,1.49,6.22,-6.69
201005,-7.89,0.04,-2.44,1.27,-0.23,0.01,-0.0017,-0.02542251,-0.57,-1.0299999999999994,3.6499999999999995
201006,-5.57,-2.47,-4.7,-0.18,-1.55,0.01,-0.0299,0.0085272,2.31,-9.83,8.829999999999998
201007,6.93,0.16,-0.3,0.26,1.99,0.01,0.019,0.02935181,-2.31,-2.8499999999999996,-2.3499999999999996
201008,-4.77,-3.11,-1.96,0.58,-1.66,0.01,-0.0018,0.04342501,1.62,-6.0200000000000005,5.24
201009,9.54,3.76,-3.17,-0.19,0.37,0.01,0.0135,0.02088109,-1.19,-0.9800000000000004,-7.169999999999999
201010,3.88,0.86,-2.49,1.27,-0.31,0.01,0.0166,0.02922259,2.06,-2.0300000000000002,-1.3399999999999999
201011,0.6,3.66,-0.88,0.4,1.51,0.01,0.0254,0.01309893,-0.51,0.5,-3.18
201012,6.82,0.98,3.78,-3.53,3.16,0.01,-0.0318,0.02466758,-0.13,4.18,-1.5200000000000005
201101,1.99,-2.37,0.77,-0.65,0.83,0.01,-0.0029,0.00912671,3.02,1.46,2.44
201102,3.49,1.61,1.24,-1.93,0.87,0.01,0.0208,0.00634893,0.7,-4.13,0.5099999999999998
201103,0.46,2.64,-1.88,1.79,0.0,0.01,0.0352,0.01336715,0.43,-4.11,0.32000000000000006
201104,2.9,-0.5,-2.48,1.08,-0.85,0.0,0.0006,-0.03187047,0.55,-2.39,-0.1900000000000004
201105,-1.27,-0.71,-2.0,1.88,-1.46,0.0,-0.0057,-0.01160846,1.42,-1.35,1.45
201106,-1.75,0.13,-0.38,2.44,-1.48,0.0,0.0177,-0.00993878,0.41,-1.88,1.5699999999999998
201107,-2.35,-1.22,-0.91,2.73,-1.78,0.0,-0.0001,-0.00141177,-0.41,0.1900000000000004,0.8300000000000001
201108,-5.99,-3.22,-2.4,3.3,-0.31,0.01,-0.0034,-0.04381501,0.76,-6.4,9.84
201109,-7.59,-3.67,-1.76,2.03,0.21,0.0,-0.0252,-0.05270066,2.04,-6.08,10.84
201110,11.35,3.48,0.12,-2.15,-0.87,0.0,-0.0144,0.08660555,-5.99,4.449999999999999,-4.489999999999999
201111,-0.28,-0.28,-0.46,1.83,1.51,0.0,0.0401,0.04932811,0.62,-6.34,3.26
201112,0.74,-0.33,1.61,1.01,2.49,0.0,0.0198,-0.0340499,1.25,-1.9100000000000001,5.34
201201,5.05,2.07,-0.94,-2.01,-1.46,0.0,-0.0794,-0.02030348,0.68,4.719999999999999,-13.31
201202,4.42,-1.71,0.43,-0.47,-0.04,0.0,-0.0028,0.01844992,2.56,1.33,-4.59
201203,3.11,-0.49,1.12,-0.55,0.69,0.0,0.0151,-0.06725671,3.94,0.8299999999999998,2.71
201204,-0.85,-0.54,-0.77,1.31,0.69,0.0,0.0383,-0.00894496,2.9,-4.82,5.99
201205,-6.19,-0.1,-1.06,2.1,2.34,0.01,0.0663,0.00274035,2.35,-4.159999999999999,6.029999999999999
201206,3.89,0.81,0.59,-1.07,0.44,0.0,-0.0076,-0.00552748,1.07,-0.28000000000000025,2.97
201207,0.79,-2.76,-0.12,1.13,0.03,0.0,0.031,0.00354745,1.06,-4.06,5.4
201208,2.55,0.45,1.3,-1.33,-0.88,0.01,-0.0247,-0.00588594,-0.87,1.7100000000000002,-4.98
201209,2.73,0.64,1.58,-1.51,1.51,0.01,-0.0106,-0.0175156,0.77,-0.06000000000000005,-1.12
201210,-1.76,-0.91,3.56,-1.34,2.55,0.01,0.0008,-0.01145782,2.01,0.42999999999999994,1.9300000000000002
201211,0.78,0.44,-0.83,0.65,0.86,0.01,0.004,-0.01605738,-1.36,-0.61,-3.8200000000000003
201212,1.18,1.92,3.53,-1.86,0.86,0.01,-0.0295,0.0122714,-1.06,0.56,-3.1399999999999997
201301,5.57,0.46,0.95,-1.93,1.43,0.0,-0.019,-0.02241316,4.39,1.5199999999999996,-2.369999999999999
201302,1.29,-0.29,0.1,-0.66,0.57,0.0,0.0131,-0.01142783,1.87,-1.0299999999999998,4.4399999999999995
201303,4.03,0.87,-0.23,0.13,1.37,0.0,0.0196,0.0089536,2.33,-0.2200000000000002,-2.05
201304,1.55,-2.24,0.5,0.27,0.39,0.0,0.0027,-0.03269508,1.68,1.6599999999999997,-0.5300000000000002
201305,2.8,2.08,2.67,-1.99,-0.93,0.0,-0.0174,0.00147532,-1.5,-2.49,-3.88
201306,-1.2,1.56,0.05,-0.39,0.01,0.0,0.0058,-0.01551438,2.09,0.85,0.14999999999999997
201307,5.65,1.81,0.57,-1.35,0.53,0.0,0.0178,0.00576896,1.8,7.220000000000001,-2.55
201308,-2.71,-0.07,-2.68,0.67,-2.16,0.0,0.0002,0.01235653,-0.38,-0.79,-4.409999999999999
201309,3.77,2.65,-1.23,-0.56,-1.4,0.0,0.0296,-0.01703094,0.76,4.17,-6.77
201310,4.18,-1.5,1.26,2.76,0.92,0.0,0.0017,-0.01670258,2.88,-3.1100000000000003,5.3500000000000005
201311,3.13,1.4,0.28,0.16,0.04,0.0,0.0044,-0.02429037,1.94,-3.88,0.2799999999999998
201312,2.81,-0.44,-0.01,-0.46,0.08,0.0,0.0007,-0.00454938,0.27,4.0200000000000005,-1.44
201401,-3.32,0.59,-2.02,-3.88,-1.43,0.0,0.0174,0.02980479,2.05,4.49,-7.43
201402,4.65,0.16,-0.31,-0.23,-0.48,0.0,0.0205,-0.00853254,-0.18,1.9200000000000004,-5.67
201403,0.43,-1.13,4.92,2.11,1.98,0.0,-0.0338,0.02379689,1.58,-7.06,9.25
201404,-0.19,-4.13,1.14,3.45,1.03,0.0,-0.0377,-0.04826221,0.21,-2.2,8.43
201405,2.06,-1.89,-0.13,0.05,-1.01,0.0,0.0121,0.00109076,1.07,0.19999999999999973,0.33999999999999997
201406,2.61,3.1,-0.69,-1.88,-1.99,0.0,0.0074,0.01138341,-0.38,4.09,-8.860000000000001
201407,-2.04,-4.28,0.02,0.89,0.49,0.0,-0.0024,-0.00551436,1.01,-5.970000000000001,3.4299999999999997
201408,4.24,0.3,-0.44,-0.62,-0.68,0.0,0.0079,0.00313499,1.73,-1.0300000000000002,-2.93
201409,-1.97,-3.73,-1.35,1.31,-0.5,0.0,0.0044,0.01642465,2.47,-3.6900000000000004,3.0200000000000005
201410,2.52,3.75,-1.83,-0.48,-0.13,0.0,-0.0004,0.03965665,2.09,0.48999999999999977,-0.1200000000000001
201411,2.55,-2.26,-3.09,1.54,0.25,0.0,0.0106,-0.01754034,2.36,-2.9699999999999998,2.42
201412,-0.06,2.87,2.27,-1.22,0.96,0.0,0.0109,0.02349823,0.28,1.18,-0.68
201501,-3.11,-0.9,-3.61,1.64,-1.68,0.0,0.0381,-0.0178624,2.63,2.71,-1.3199999999999998
201502,6.14,0.31,-1.87,-1.12,-1.77,0.0,-0.0283,-0.01565885,-2.07,5.300000000000001,-1.8599999999999994
201503,-1.12,3.1,-0.41,0.15,-0.54,0.0,0.03,0.00279148,1.41,2.38,-2.02
201504,0.59,-3.07,1.83,0.01,-0.64,0.0,-0.0732,0.00373068,-2.16,-2.2800000000000002,0.09999999999999998
201505,1.36,0.82,-1.13,-1.77,-0.71,0.0,0.0603,0.03365793,2.67,2.89,-0.34999999999999987
201506,-1.53,2.89,-0.78,0.43,-1.56,0.0,0.0307,0.01544575,1.97,2.7800000000000002,1.36
201507,1.54,-4.58,-4.07,0.34,-2.47,0.0,0.1029,0.00957328,5.5,5.79,4.52
201508,-6.04,0.27,2.8,0.64,1.26,0.0,-0.0209,0.00146809,-1.54,-0.9299999999999997,1.3200000000000003
201509,-3.07,-2.78,0.58,1.83,-0.56,0.0,0.0535,0.00564307,5.64,-2.97,12.29
201510,7.75,-2.06,-0.45,0.86,0.53,0.0,-0.0403,-0.06160902,-1.03,0.4599999999999991,-1.42
201511,0.56,3.31,-0.39,-2.72,-1.02,0.0,0.0221,0.03703496,1.34,3.38,-0.73
201512,-2.17,-2.97,-2.59,0.47,0.02,0.01,0.0341,-0.0040045,2.57,1.7800000000000002,0.47
201601,-5.77,-3.42,2.07,2.81,3.09,0.01,0.0134,-0.04157984,0.72,-1.4700000000000006,14.09
201602,-0.08,0.94,-0.58,3.32,1.96,0.02,-0.0406,-0.02347005,-0.61,-5.84,-0.6100000000000001
201603,6.96,1.01,1.1,0.73,-0.02,0.02,-0.0513,-0.01762153,-2.43,-2.5500000000000007,-9.759999999999998
201604,0.92,1.16,3.19,-2.92,1.88,0.01,-0.0626,0.01952463,-2.61,-4.42,-15.100000000000001
201605,1.78,-0.64,-1.65,-1.09,-2.49,0.01,0.0214,-0.00610485,2.23,2.32,1.79
201606,-0.05,0.43,-1.45,1.46,1.94,0.02,0.0411,0.0202397,2.89,-4.6899999999999995,5.28
201607,3.95,2.49,-1.29,1.24,-1.18,0.02,-0.0308,-0.01309293,2.33,1.2699999999999998,-5.59
201608,0.5,1.69,3.11,-1.89,-0.34,0.02,-0.0317,0.0074257,-1.84,-3.25,0.51
201609,0.25,1.87,-1.21,-2.23,0.02,0.02,-0.0053,0.02387024,-0.17,0.73,-6.17
201610,-2.02,-4.05,4.12,0.97,0.23,0.02,0.0069,-0.01023646,1.1,-3.9000000000000004,9.09
201611,4.86,7.04,8.21,-0.17,3.7,0.01,-0.0407,0.02186405,-1.62,2.64,-8.280000000000001
201612,1.82,0.4,3.6,1.24,-0.23,0.03,-0.0038,-0.02705536,3.76,-0.44999999999999973,2.3
201701,1.94,-1.42,-2.74,-0.5,-0.98,0.04,-0.0098,0.00668837,0.07,1.7499999999999998,-2.63
201702,3.57,-2.23,-1.67,0.42,-1.84,0.04,-0.0163,-0.04730541,1.87,-3.79,2.2
201703,0.17,0.73,-3.33,0.63,-0.94,0.03,-0.0092,-0.03587703,1.33,1.2,1.54
201704,1.09,0.47,-2.13,1.92,-1.62,0.05,0.0044,-0.01797413,2.05,-0.6499999999999999,2.5
201705,1.06,-3.03,-3.75,0.95,-1.8,0.06,0.0146,-0.02519983,2.29,-3.17,2.25
201706,0.78,2.57,1.49,-2.26,0.0,0.06,-0.0032,0.00620394,-0.03,0.68,-4.96
201707,1.87,-1.62,-0.22,-0.59,-0.15,0.07,0.0166,0.01260992,0.19,-1.6099999999999999,3.1
201708,0.16,-1.82,-2.07,0.12,-2.35,0.09,0.0355,-0.02407088,-0.08,-1.8499999999999999,0.47
201709,2.51,4.74,3.09,-1.5,1.63,0.09,-0.0118,-0.00289446,-0.19,-1.3399999999999999,-5.130000000000001
201710,2.25,-1.95,0.22,0.85,-3.23,0.09,0.043,-0.03795454,0.26,-4.07,5.85
201711,3.12,-0.35,-0.05,3.17,-0.1,0.08,-0.0071,0.00666178,2.0,-2.96,-2.6100000000000003
201712,1.06,-1.07,0.03,0.75,1.66,0.09,-0.0163,0.0402975,0.48,0.7799999999999998,-2.14
201801,5.58,-3.25,-1.36,-0.72,-1.01,0.11,0.0394,-0.00800416,-0.04,0.5,0.1800000000000006
201802,-3.65,0.32,-1.03,0.56,-2.32,0.11,0.0397,0.02982587,-1.95,-1.0999999999999996,-1.5100000000000002
201803,-2.35,3.59,-0.23,-0.48,0.0,0.12,-0.0128,0.00271736,2.46,-2.55,-1.73
201804,0.29,0.91,0.48,-2.41,1.26,0.14,0.0027,0.03451908,0.09,1.28,0.0
201805,2.65,4.79,-3.13,-2.05,-1.48,0.14,0.038,0.03991154,0.62,0.5500000000000003,-6.44
201806,0.48,0.81,-2.33,0.82,0.21,0.14,-0.0238,0.00301034,2.42,4.72,-0.4
201807,3.19,-1.95,0.45,1.53,0.36,0.16,-0.0167,-0.00367158,-0.37,-2.91,6.78
201808,3.44,0.63,-3.98,-0.29,-2.64,0.16,0.0522,-0.01353859,-1.23,1.34,-0.16000000000000014
201809,0.06,-2.5,-1.7,0.67,1.28,0.15,-0.0006,0.01017966,-0.62,-4.23,2.4
201810,-7.68,-4.5,3.43,1.0,3.54,0.19,-0.0184,-0.01513475,2.12,-8.559999999999999,8.73
201811,1.69,-0.76,0.26,-0.62,0.4,0.18,-0.0133,0.03768103,-0.1,-2.19,1.7200000000000002
201812,-9.55,-2.91,-1.9,-0.03,0.2,0.19,0.0185,0.00496719,-0.04,-2.3499999999999996,4.119999999999999
201901,8.41,3.01,-0.44,-0.78,-1.53,0.21,-0.0865,0.03887832,-0.64,5.289999999999999,-4.6
201902,3.4,1.73,-2.68,0.21,-1.61,0.18,0.0086,-0.00364204,0.01,2.18,-2.8500000000000005
201903,1.1,-3.46,-4.05,0.78,-0.99,0.19,0.0214,-0.00402195,0.28,-1.06,1.16
201904,3.96,-1.17,2.17,1.66,-2.24,0.21,-0.0255,-0.02596204,-0.14,0.69,3.7800000000000002
201905,-6.94,-1.59,-2.37,-0.5,1.74,0.21,0.076,-0.01266036,4.24,-2.41,4.539999999999999
201906,6.93,0.32,-0.71,0.88,-0.48,0.18,-0.0214,-0.02405515,-0.05,-1.87,-0.6299999999999999
201907,1.19,-1.78,0.42,-0.08,0.37,0.19,0.0272,-0.01033034,2.12,-6.95,3.11
201908,-2.58,-3.22,-4.95,0.51,-0.69,0.16,0.0764,-0.01494302,2.38,0.020000000000000018,5.82
201909,1.43,0.27,6.83,1.83,3.36,0.18,-0.0685,-0.04111937,-1.16,-1.21,4.07
201910,2.06,0.27,-1.93,0.45,-0.96,0.15,0.0029,-0.00162685,-0.42,-0.2599999999999998,4.3100000000000005
201911,3.87,0.45,-2.02,-1.58,-1.25,0.12,-0.026,0.01097595,-2.83,1.6400000000000001,-4.67
201912,2.77,0.97,1.79,0.01,1.22,0.14,-0.0227,0.0020769,-0.3,0.8999999999999999,-4.17
202001,-0.11,-4.38,-6.24,-1.18,-2.32,0.13,0.0543,,4.17,-5.91,4.63
202002,-8.13,0.02,-3.79,-1.48,-2.51,0.12,-0.0023,,-3.6,-0.20999999999999996,-3.99
202003,-13.38,-8.32,-14.02,-1.53,1.26,0.12,0.0854,,-9.64,-3.0699999999999985,9.310000000000002
202004,13.65,2.58,-1.18,2.69,-1.01,0.0,-0.0549,,-1.79,0.8099999999999987,-25.18
202005,5.58,1.97,-4.8,0.94,-3.25,0.01,0.0067,,4.45,1.5099999999999998,-8.780000000000001
202006,2.46,1.97,-2.04,0.09,0.53,0.01,-0.0075,,5.08,1.5099999999999998,-8.23
202007,5.77,-3.17,-1.53,0.37,0.9,0.01,0.0761,,6.49,1.8999999999999995,-3.660000000000001
202008,7.63,-0.92,-2.92,4.33,-1.32,0.01,0.0051,,-3.98,2.4699999999999998,5.25
202009,-3.63,-0.01,-2.62,-1.39,-1.82,0.01,0.0305,,1.29,1.6500000000000001,-6.04
202010,-2.1,4.67,4.16,-0.93,-0.75,0.01,-0.0303,,-1.99,-0.96,3.36
202011,12.47,7.0,2.13,-2.14,1.38,0.01,-0.1225,,-5.08,6.619999999999999,-19.61
202012,4.63,4.72,-1.43,-1.97,-0.08,0.01,-0.0242,,5.37,3.38,-9.34
